{"cameraMode":{"drawMode":0,"name":"Shaded","section":"Shading Mode"},"sceneLighting":false,"audioPlay":false,"sceneViewState":{"showFog":true,"showMaterialUpdate":false,"showSkybox":false,"showFlares":true,"showImageEffects":true,"showParticleSystems":true},"in2DMode":false,"pivot":{"x":2.944612503051758,"y":3.211843490600586,"z":3.5611300468444826},"rotation":{"x":-0.3842031955718994,"y":0.34850671887397768,"z":-0.15941119194030763,"w":-0.8399524092674255},"size":0.8660253882408142,"orthographic":false}